{
  "properties": {
    "connectionReferences": {
      "shared_commondataserviceforapps": {
        "api": {
          "name": "shared_commondataserviceforapps"
        },
        "connection": {
          "connectionReferenceLogicalName": "cr282_myVisitAgent.shared_commondataserviceforapps.shared-commondataser-db454a92-851a-45c2-9465-a2c5efa157bc"
        },
        "runtimeSource": "embedded"
      }
    },
    "definition": {
      "$schema": "https://schema.management.azure.com/providers/Microsoft.Logic/schemas/2016-06-01/workflowdefinition.json#",
      "contentVersion": "1.0.0.0",
      "parameters": {
        "$authentication": {
          "defaultValue": {},
          "type": "SecureObject"
        },
        "$connections": {
          "defaultValue": {},
          "type": "Object"
        }
      },
      "triggers": {
        "manual": {
          "type": "Request",
          "kind": "Skills",
          "inputs": {
            "schema": {
              "type": "object",
              "properties": {
                "text": {
                  "description": "Please enter your input",
                  "title": "Spy Email",
                  "type": "string",
                  "x-ms-content-hint": "TEXT",
                  "x-ms-dynamically-added": true
                }
              },
              "required": [
                "text"
              ]
            }
          },
          "metadata": {
            "operationMetadataId": "b8f61c18-7224-4f8a-9c5f-72fbce5df764"
          }
        }
      },
      "actions": {
        "List_rows": {
          "type": "OpenApiConnection",
          "inputs": {
            "parameters": {
              "entityName": "cr282_codephrases",
              "$filter": "cr282_spyemail eq '@{triggerBody()?['text']}'"
            },
            "host": {
              "apiId": "/providers/Microsoft.PowerApps/apis/shared_commondataserviceforapps",
              "operationId": "ListRecords",
              "connectionName": "shared_commondataserviceforapps"
            }
          },
          "runAfter": {},
          "metadata": {
            "operationMetadataId": "58dcfdd2-1b1f-4e46-9dbf-c1e1654e64b9"
          }
        },
        "Respond_to_Copilot": {
          "type": "Response",
          "kind": "Skills",
          "inputs": {
            "schema": {
              "type": "object",
              "properties": {
                "challenge": {
                  "title": "Challenge",
                  "x-ms-dynamically-added": true,
                  "type": "string"
                },
                "response": {
                  "title": "Response",
                  "x-ms-dynamically-added": true,
                  "type": "string"
                }
              },
              "additionalProperties": {}
            },
            "statusCode": 200,
            "body": {
              "challenge": "@{variables('Challenge')}",
              "response": "@{variables('Response')}"
            }
          },
          "runAfter": {
            "For_each": [
              "Succeeded"
            ]
          },
          "metadata": {
            "operationMetadataId": "81c94f73-dd52-465c-ad3b-a4686da63cc3"
          }
        },
        "For_each": {
          "type": "Foreach",
          "foreach": "@outputs('List_rows')?['body/value']",
          "actions": {
            "Set_variable_-_Challenge": {
              "type": "SetVariable",
              "inputs": {
                "name": "Challenge",
                "value": "@item()?['cr282_challengephrase']"
              },
              "metadata": {
                "operationMetadataId": "3b2d79a0-9b9e-42d4-9dda-28579d1e9bd8"
              }
            },
            "Set_variable____response": {
              "type": "SetVariable",
              "inputs": {
                "name": "Response",
                "value": "@item()?['cr282_responsephrase']"
              },
              "runAfter": {
                "Set_variable_-_Challenge": [
                  "Succeeded"
                ]
              },
              "metadata": {
                "operationMetadataId": "893893a2-291b-4f8e-93f7-ba644af91185"
              }
            }
          },
          "runAfter": {
            "Initialize_Response": [
              "Succeeded"
            ]
          },
          "metadata": {
            "operationMetadataId": "8e2b0ef3-237f-4cad-9bba-75595522691c"
          }
        },
        "Initialize_Challenge": {
          "type": "InitializeVariable",
          "inputs": {
            "variables": [
              {
                "name": "Challenge",
                "type": "string"
              }
            ]
          },
          "runAfter": {
            "List_rows": [
              "Succeeded"
            ]
          },
          "metadata": {
            "operationMetadataId": "7123f54b-538a-47ac-93fa-705a7b3ef215"
          }
        },
        "Initialize_Response": {
          "type": "InitializeVariable",
          "inputs": {
            "variables": [
              {
                "name": "Response",
                "type": "string"
              }
            ]
          },
          "runAfter": {
            "Initialize_Challenge": [
              "Succeeded"
            ]
          },
          "metadata": {
            "operationMetadataId": "7ab4dba9-0547-47f4-b9bb-e271a95d2016"
          }
        }
      },
      "outputs": {}
    },
    "templateName": null
  },
  "schemaVersion": "1.0.0.0"
}